,videoId,uploader,uploader_id,uploader_url,channel_id,channel_url,upload_date,license,creator,title,description,categories,tags,duration,age_limit,annotations,chapters,videoLink,view_count,like_count,dislike_count,average_rating,is_live,start_time,end_time,series,playlist,playlist_index
0,J9u1Cl49xlw,jair bolsonaro,jbolsonaro,http://www.youtube.com/user/jbolsonaro,UC8hGUtfEgvvnp6IaHSAg1OQ,http://www.youtube.com/channel/UC8hGUtfEgvvnp6IaHSAg1OQ,2019-04-18,,,live de quinta-feira com o presidente bolsonaro (18/04/2019),,['News & Politics'],,1473,0,,,https://www.youtube.com/watch?v=J9u1Cl49xlw,121436,23301,223,4.9620814,,,,,,
1,9ringjkMWi8,jair bolsonaro,jbolsonaro,http://www.youtube.com/user/jbolsonaro,UC8hGUtfEgvvnp6IaHSAg1OQ,http://www.youtube.com/channel/UC8hGUtfEgvvnp6IaHSAg1OQ,2019-12-13,,,live semanal com o presidente jair bolsonaro (12/12/2019),,['News & Politics'],,1568,0,,,https://www.youtube.com/watch?v=9ringjkMWi8,169888,7104,145,4.9199891,,,,,,
2,mARMBWEwY2A,jair bolsonaro,jbolsonaro,http://www.youtube.com/user/jbolsonaro,UC8hGUtfEgvvnp6IaHSAg1OQ,http://www.youtube.com/channel/UC8hGUtfEgvvnp6IaHSAg1OQ,2019-08-09,,,"live da semana (08/08/19): presidente jair bolsonaro, sérgio moro, ricardo salles e índios","presidente jair bolsonaro faz levantamento sobre assuntos relevantes da semana:

colheita recorde de grãos na safra 2018/2019

redução de impostos para jogos eletrônicos

mp 892: fim dos balancetes nos jornais impressos

antecipação do 13o dos aposentados e pensionistas do inss

entre outros...",['News & Politics'],,3518,0,,,https://www.youtube.com/watch?v=mARMBWEwY2A,52328,9813,170,4.9318843,,,,,,
3,jQYrG9zzNoc,jair bolsonaro,jbolsonaro,http://www.youtube.com/user/jbolsonaro,UC8hGUtfEgvvnp6IaHSAg1OQ,http://www.youtube.com/channel/UC8hGUtfEgvvnp6IaHSAg1OQ,2019-06-14,,,live da semana com presidente jair bolsonaro e convidados - 13 de junho de 2019,,['News & Politics'],,1311,0,,,https://www.youtube.com/watch?v=jQYrG9zzNoc,40094,6665,57,4.9660816,,,,,,
4,CaTtyaM5Jlw,jair bolsonaro,jbolsonaro,http://www.youtube.com/user/jbolsonaro,UC8hGUtfEgvvnp6IaHSAg1OQ,http://www.youtube.com/channel/UC8hGUtfEgvvnp6IaHSAg1OQ,2020-05-21,,,live da semana com presidente jair bolsonaro - 21/05/2020,,['News & Politics'],,2671,0,,,https://www.youtube.com/watch?v=CaTtyaM5Jlw,249662,40147,1080,4.8952141,,,,,,
5,Pq67lwBCKU4,jair bolsonaro,jbolsonaro,http://www.youtube.com/user/jbolsonaro,UC8hGUtfEgvvnp6IaHSAg1OQ,http://www.youtube.com/channel/UC8hGUtfEgvvnp6IaHSAg1OQ,2020-04-12,,,presidente bolsonaro: depoimento em live com líderes cristãos!,,['News & Politics'],,627,0,,,https://www.youtube.com/watch?v=Pq67lwBCKU4,93925,21776,433,4.9220138,,,,,,
6,k_EEFSvk4Ac,jair bolsonaro,jbolsonaro,http://www.youtube.com/user/jbolsonaro,UC8hGUtfEgvvnp6IaHSAg1OQ,http://www.youtube.com/channel/UC8hGUtfEgvvnp6IaHSAg1OQ,2019-06-27,,,direto de osaka - japão: live da semana com o presidente jair bolsonaro (27/06/19),"presidente jair bolsonaro realiza transmissão ao vivo pelo facebook diretamente do japão, onde participa da reunião do g20.",['News & Politics'],,1377,0,,,https://www.youtube.com/watch?v=k_EEFSvk4Ac,77612,14312,274,4.9248595,,,,,,
7,PL4v3EJYPl0,jair bolsonaro,jbolsonaro,http://www.youtube.com/user/jbolsonaro,UC8hGUtfEgvvnp6IaHSAg1OQ,http://www.youtube.com/channel/UC8hGUtfEgvvnp6IaHSAg1OQ,2019-03-21,,,"live da semana presidente bolsonaro: brasil, eua, chile e outros assuntos de interesse nacional.",,['News & Politics'],['previdencia militares'],2072,0,,,https://www.youtube.com/watch?v=PL4v3EJYPl0,128033,22867,221,4.9617119,,,,,,
8,njs9mTU0jp8,jair bolsonaro,jbolsonaro,http://www.youtube.com/user/jbolsonaro,UC8hGUtfEgvvnp6IaHSAg1OQ,http://www.youtube.com/channel/UC8hGUtfEgvvnp6IaHSAg1OQ,2019-04-25,,,"live de quinta-feira com o presidente: previdência, cadastro nacional dos pescadores e mais.",,['News & Politics'],,2740,0,,,https://www.youtube.com/watch?v=njs9mTU0jp8,74591,12471,161,4.9490185,,,,,,
9,IqBcgzSsPO8,jair bolsonaro,jbolsonaro,http://www.youtube.com/user/jbolsonaro,UC8hGUtfEgvvnp6IaHSAg1OQ,http://www.youtube.com/channel/UC8hGUtfEgvvnp6IaHSAg1OQ,2020-03-23,,,presidente bolsonaro / live - manhã (23/03/2020): atualização covid-19.,,['News & Politics'],,537,0,,,https://www.youtube.com/watch?v=IqBcgzSsPO8,115196,18498,370,4.9215603,,,,,,
10,soqllowxCag,jair bolsonaro,jbolsonaro,http://www.youtube.com/user/jbolsonaro,UC8hGUtfEgvvnp6IaHSAg1OQ,http://www.youtube.com/channel/UC8hGUtfEgvvnp6IaHSAg1OQ,2019-03-19,,,jair e eduardo bolsonaro fazem live direto dos eua (18/03/2019).,,['News & Politics'],['malafaia imigrantes ilegais eduardo bolsonaro jair presidente trump verdade'],870,0,,,https://www.youtube.com/watch?v=soqllowxCag,56089,14087,105,4.9704061,,,,,,
11,Y8_SrdbHu3w,jair bolsonaro,jbolsonaro,http://www.youtube.com/user/jbolsonaro,UC8hGUtfEgvvnp6IaHSAg1OQ,http://www.youtube.com/channel/UC8hGUtfEgvvnp6IaHSAg1OQ,2020-06-15,,,ministro jorge oliveira esclarecendo fatos em entrevista à cnn.,,['News & Politics'],,1816,0,,,https://www.youtube.com/watch?v=Y8_SrdbHu3w,85549,15778,1036,4.7535386,,,,,,
12,ALFq4eHRUo0,jair bolsonaro,jbolsonaro,http://www.youtube.com/user/jbolsonaro,UC8hGUtfEgvvnp6IaHSAg1OQ,http://www.youtube.com/channel/UC8hGUtfEgvvnp6IaHSAg1OQ,2019-11-07,,,live de quinta-feira com o presidente - assuntos da semana (0711/2019),,['News & Politics'],,2152,0,,,https://www.youtube.com/watch?v=ALFq4eHRUo0,79150,14699,162,4.9563961,,,,,,
13,NgHTsoMMBxk,jair bolsonaro,jbolsonaro,http://www.youtube.com/user/jbolsonaro,UC8hGUtfEgvvnp6IaHSAg1OQ,http://www.youtube.com/channel/UC8hGUtfEgvvnp6IaHSAg1OQ,2020-01-03,,,live da semana com presidente jair bolsonaro - 02/01/2020,a primeira live do ano de 2020.,['News & Politics'],,2608,0,,,https://www.youtube.com/watch?v=NgHTsoMMBxk,135989,8083,207,4.9001207,,,,,,
14,GVzh8k6YjKU,jair bolsonaro,jbolsonaro,http://www.youtube.com/user/jbolsonaro,UC8hGUtfEgvvnp6IaHSAg1OQ,http://www.youtube.com/channel/UC8hGUtfEgvvnp6IaHSAg1OQ,2020-11-10,,,live de terça com presidente jair bolsonaro - 10/11/2020,,['News & Politics'],,2687,0,,,https://www.youtube.com/watch?v=GVzh8k6YjKU,206310,19683,1031,4.8009076,,,,,,
15,XceWFVE7QLc,jair bolsonaro,jbolsonaro,http://www.youtube.com/user/jbolsonaro,UC8hGUtfEgvvnp6IaHSAg1OQ,http://www.youtube.com/channel/UC8hGUtfEgvvnp6IaHSAg1OQ,2020-04-30,,,live de toda quinta-feira com o presidente jair bolsonaro (30/04/2020),,['News & Politics'],,1621,0,,,https://www.youtube.com/watch?v=XceWFVE7QLc,110597,19680,714,4.8599586,,,,,,
16,-4vo-vjUuNE,jair bolsonaro,jbolsonaro,http://www.youtube.com/user/jbolsonaro,UC8hGUtfEgvvnp6IaHSAg1OQ,http://www.youtube.com/channel/UC8hGUtfEgvvnp6IaHSAg1OQ,2020-09-24,,,live de quinta-feira com o presidente jair bolsonaro (24/09/2020).,,['News & Politics'],,2890,0,,,https://www.youtube.com/watch?v=-4vo-vjUuNE,212667,31695,634,4.9215565,,,,,,
17,YCliiy_yl9Y,jair bolsonaro,jbolsonaro,http://www.youtube.com/user/jbolsonaro,UC8hGUtfEgvvnp6IaHSAg1OQ,http://www.youtube.com/channel/UC8hGUtfEgvvnp6IaHSAg1OQ,2021-02-11,,,live da semana - presidente jair bolsonaro (11/02/2021),snpagram: https://t.me/jairbolsonarobrasil,['News & Politics'],,4155,0,,,https://www.youtube.com/watch?v=YCliiy_yl9Y,172202,31757,684,4.9156623,,,,,,
18,vNyBRsVZ0gg,jair bolsonaro,jbolsonaro,http://www.youtube.com/user/jbolsonaro,UC8hGUtfEgvvnp6IaHSAg1OQ,http://www.youtube.com/channel/UC8hGUtfEgvvnp6IaHSAg1OQ,2020-04-16,,,- live de toda quinta-feira com o presidente jair bolsonaro. (16/04/2020).,,['News & Politics'],,1257,0,,,https://www.youtube.com/watch?v=vNyBRsVZ0gg,128206,23862,988,4.8409657,,,,,,
19,1sWkcMxBIO4,jair bolsonaro,jbolsonaro,http://www.youtube.com/user/jbolsonaro,UC8hGUtfEgvvnp6IaHSAg1OQ,http://www.youtube.com/channel/UC8hGUtfEgvvnp6IaHSAg1OQ,2020-08-20,,,live de toda quinta-feira com o presidente jair bolsonaro - 20/08/2020,,['News & Politics'],,2605,18,,,https://www.youtube.com/watch?v=1sWkcMxBIO4,67197,22279,204,4.963706,,,,,,
20,cbe3VFjyTEc,jair bolsonaro,jbolsonaro,http://www.youtube.com/user/jbolsonaro,UC8hGUtfEgvvnp6IaHSAg1OQ,http://www.youtube.com/channel/UC8hGUtfEgvvnp6IaHSAg1OQ,2019-07-19,,,live da semana (18/07/2019): presidente bolsonaro e ministro tarcísio gomes de freitas,,['News & Politics'],,2120,0,,,https://www.youtube.com/watch?v=cbe3VFjyTEc,44782,7655,176,4.9101009,,,,,,
21,YVp-nZxrruI,jair bolsonaro,jbolsonaro,http://www.youtube.com/user/jbolsonaro,UC8hGUtfEgvvnp6IaHSAg1OQ,http://www.youtube.com/channel/UC8hGUtfEgvvnp6IaHSAg1OQ,2019-07-08,,,live da semana com presidente jair bolsonaro - 4 de julho de 2019,"assista na íntegra a live do presidente jair bolsonaro com os assuntos da semana, exibida na última quinta-feira, 04/07/2019.",['News & Politics'],,2216,0,,,https://www.youtube.com/watch?v=YVp-nZxrruI,39993,8011,84,4.9584928,,,,,,
22,Lj5W5YrCLCk,jair bolsonaro,jbolsonaro,http://www.youtube.com/user/jbolsonaro,UC8hGUtfEgvvnp6IaHSAg1OQ,http://www.youtube.com/channel/UC8hGUtfEgvvnp6IaHSAg1OQ,2020-03-26,,,live de toda quinta-feira com o presidente jair bolsonaro (26/03/2020). temas na descrição do vídeo.,"temas:
1- reunião com países do g20 animou as nações diante dos resultados positivos brasileiros iniciais na eficácia dos medicamentos reuquinol e hidroxicloroquina contra o covid-19.

2- reunião g20: precauções com idosos e grupos de risco, juntamente com a preocupação da empregabilidade para manutenção do bem estar de todos.

3- ampliação do bolsa-família.

4- com a mp do 13o expirada por falta de votação, o executivo estuda maneiras para volta deste recurso.

5- por determinação do presidente, os laboratórios do exército aumentam sua produção dos medicamentos promissores ao enfrentamento do coronavirus.

6- o ministério da economia anuncia por 3 meses o valor de r$600 do pagamento de auxílio a trabalhadores informais no brasil.

7- o governo federal aciona a justiça para ampliar serviços essenciais para a população, hoje impedidos por alguns governadores e prefeitos.

8- com mais uma baixa do preço do petróleo no mundo, o brasil este ano, baixou cerca de 40% o valor do diesel e gasolina nas refinarias.

9- o ministério da defesa e a caixa econômica colocam seus navios hospitais e barcos agência a disposição em locais remotos e outras regiões no enfrentamento ao covid-19.

10- a apsen farmacêutica anuncia a produção gratúita de milhões de unidades dos medicamentos no combate ao coronavirus.

11- o governo assina decreto de funcionamento das 12.956 caixas lotéricas (serviços essenciais) devido a determinação do fechamento de 2.463 unidades por alguns governadores e prefeitos.

12- a caixa econômica anuncia r$ 5 bilhões de financiamento com redução de juros/mês para 0,8% às santa casas.

13- casa própria: governo amplia de 60 para 90 dias o não pagamento aos compradores, devido à crise. avaliando tempo ainda maior de postergação.

14- a caixa econômica anuncia redução de juros. em 2018 era de 14% ao mês, hoje passando para 2,9% ao mês. ainda análise de maior redução.",['News & Politics'],,2202,0,,,https://www.youtube.com/watch?v=Lj5W5YrCLCk,431077,50688,3033,4.7741666,,,,,,
23,_3fFNbEbWpI,jair bolsonaro,jbolsonaro,http://www.youtube.com/user/jbolsonaro,UC8hGUtfEgvvnp6IaHSAg1OQ,http://www.youtube.com/channel/UC8hGUtfEgvvnp6IaHSAg1OQ,2020-02-27,,,live de quinta-feira com o presidente bolsonaro. temas na descrição.,". live de quinta-feira com o presidente:

- liberdade dos meios de comunicação, inmetro, tacógrafos, táxis, a verdade sobre as manifestações de 15 de março, bilhões gastos no passado com a imprensa, medidas provisórias perdem validade, projetos em prol do brasil ficam em segundo plano, índios, carteira de motorista, radares, ministros técnicos, dólar, corona vírus e suas derivações econômicas mundiais, visita aos eua e a importância da afinação entre os poderes.",['News & Politics'],,2049,0,,,https://www.youtube.com/watch?v=_3fFNbEbWpI,269497,30647,2026,4.7519665,,,,,,
24,P3B8L5ql5GM,jair bolsonaro,jbolsonaro,http://www.youtube.com/user/jbolsonaro,UC8hGUtfEgvvnp6IaHSAg1OQ,http://www.youtube.com/channel/UC8hGUtfEgvvnp6IaHSAg1OQ,2019-10-31,,,"após viagem de negócios pela ásia e oriente médio, segue live sobre assuntos da semana.",,['News & Politics'],,2752,0,,,https://www.youtube.com/watch?v=P3B8L5ql5GM,57658,10383,149,4.9434104,,,,,,
25,jR_m23OHPWU,jair bolsonaro,jbolsonaro,http://www.youtube.com/user/jbolsonaro,UC8hGUtfEgvvnp6IaHSAg1OQ,http://www.youtube.com/channel/UC8hGUtfEgvvnp6IaHSAg1OQ,2020-08-27,,,live de quinta-feira com o presidente e a ministra damares. (27/09/2020).,,['News & Politics'],,3019,0,,,https://www.youtube.com/watch?v=jR_m23OHPWU,132352,35431,680,4.9246769,,,,,,
26,iA8m_uNrukw,jair bolsonaro,jbolsonaro,http://www.youtube.com/user/jbolsonaro,UC8hGUtfEgvvnp6IaHSAg1OQ,http://www.youtube.com/channel/UC8hGUtfEgvvnp6IaHSAg1OQ,2020-10-29,,,live da semana - presidente jair bolsonaro - 29/10/2020,,['News & Politics'],,3465,0,,,https://www.youtube.com/watch?v=iA8m_uNrukw,221328,29385,1066,4.8599715,,,,,,
27,OXvxplVfihY,jair bolsonaro,jbolsonaro,http://www.youtube.com/user/jbolsonaro,UC8hGUtfEgvvnp6IaHSAg1OQ,http://www.youtube.com/channel/UC8hGUtfEgvvnp6IaHSAg1OQ,2020-10-08,,,- live de quinta-feira com o presidente bolsonaro diretamente da ilha de marajó. (08/10/2020).,"agenda e temas: 

. programa mais luz para a amazônia;

. inauguração do programa wi-fi na praça, desta vez, em cidades do pará (escolas e outras localidades públicas).

. programa caixa refloresta: árvores para os 5 biomas do brasil;

.  programa voo simples: simplificações que revolucionam a aviação;

. fakenews, privatizações e turismo;

. redução de impostos para jogos eletrônicos;

. ampliação de financiamento a juros baixos para micro e pequenos empresários;

. nova agência barco da caixa chegando em localidades por rios.

. auxílio emergencial, fgts e bem;

. novo programa de mineração e desenvolvimento com preservação ao meio ambiente;

. respeito ao limite do teto de gastos;

. a verdade sobre a lava-lato, que continua, “covidão”, operações sobre irregularidades na petrobras e outros;

. caso robson na rússia;

. candidatos pelo brasil;

.  indicações constitucionais;

. foro de sp;

. perguntas dos jornalistas dos pingos nos is:",['News & Politics'],,3805,0,,,https://www.youtube.com/watch?v=OXvxplVfihY,97791,17819,575,4.874959,,,,,,
28,__mftwWjTJ4,jair bolsonaro,jbolsonaro,http://www.youtube.com/user/jbolsonaro,UC8hGUtfEgvvnp6IaHSAg1OQ,http://www.youtube.com/channel/UC8hGUtfEgvvnp6IaHSAg1OQ,2019-10-10,,,live de toda quinta-feira sobre assuntos da semana com o presidente bolsonaro (10/10/2019).,,['News & Politics'],,1743,0,,,https://www.youtube.com/watch?v=__mftwWjTJ4,109532,19438,239,4.9514155,,,,,,
29,zNVRld3flao,jair bolsonaro,jbolsonaro,http://www.youtube.com/user/jbolsonaro,UC8hGUtfEgvvnp6IaHSAg1OQ,http://www.youtube.com/channel/UC8hGUtfEgvvnp6IaHSAg1OQ,2020-12-17,,,live de quinta-feira - 17/12/2020,,['News & Politics'],,3765,0,,,https://www.youtube.com/watch?v=zNVRld3flao,185925,36202,1224,4.8691816,,,,,,
30,-Nm2w9M5X84,jair bolsonaro,jbolsonaro,http://www.youtube.com/user/jbolsonaro,UC8hGUtfEgvvnp6IaHSAg1OQ,http://www.youtube.com/channel/UC8hGUtfEgvvnp6IaHSAg1OQ,2019-03-14,,,"live semanal com o presidente: viagem aos eua, vacinação contra gripe e muito mais.",,['News & Politics'],,1046,0,,,https://www.youtube.com/watch?v=-Nm2w9M5X84,94247,22158,192,4.9656377,,,,,,
31,kbzd48O_JLI,jair bolsonaro,jbolsonaro,http://www.youtube.com/user/jbolsonaro,UC8hGUtfEgvvnp6IaHSAg1OQ,http://www.youtube.com/channel/UC8hGUtfEgvvnp6IaHSAg1OQ,2020-10-15,,,live da semana - presidente jair bolsonaro - 15/10/2020,,['News & Politics'],,2959,0,,,https://www.youtube.com/watch?v=kbzd48O_JLI,197726,25233,627,4.9030161,,,,,,
32,EBDKIJu7Z9E,jair bolsonaro,jbolsonaro,http://www.youtube.com/user/jbolsonaro,UC8hGUtfEgvvnp6IaHSAg1OQ,http://www.youtube.com/channel/UC8hGUtfEgvvnp6IaHSAg1OQ,2020-06-18,,,live da semana com presidente jair bolsonaro - 18/06/2020,". temas:
- auxílio emergencial alcançando mais de 63 milhões de brasileiros. o brasil não pode parar!

- mp do futebol: cria a independência dos clubes diante de grandes emissoras de tv. e outros;

- plano safra (agricultura familiar);

- assinado parecer vinculante que criou a paridade e integralidade das forças de segurança pública, assim como outras categorias;

- mais detalhes sobre as ações do governo do brasil em nossas redes sociais.",['News & Politics'],,1504,0,,,https://www.youtube.com/watch?v=EBDKIJu7Z9E,529124,67135,4290,4.759748,,,,,,
33,wgITBQUDEQo,jair bolsonaro,jbolsonaro,http://www.youtube.com/user/jbolsonaro,UC8hGUtfEgvvnp6IaHSAg1OQ,http://www.youtube.com/channel/UC8hGUtfEgvvnp6IaHSAg1OQ,2019-09-26,,,- live de quinta-feira com o presidente e com a indígena ysani kalapalo do xingú (26/09/2019).,,['News & Politics'],,1329,0,,,https://www.youtube.com/watch?v=wgITBQUDEQo,125974,25672,330,4.9492345,,,,,,
34,F9jXlF2ExQE,jair bolsonaro,jbolsonaro,http://www.youtube.com/user/jbolsonaro,UC8hGUtfEgvvnp6IaHSAg1OQ,http://www.youtube.com/channel/UC8hGUtfEgvvnp6IaHSAg1OQ,2020-04-09,,,live de quinta-feira com o presidente jair bolsonaro (09/04/2020). temas na descrição:,"1- trabalho conjunto do governo federal para socorro emergencial de r$600, por 3 meses.
1.1- 111 milhões de acessos ao site da caixa no 1° dia;
1.2- 30 milhões de cadastrados hoje;
1.3- 2,6 milhões de benefícios pagos;
1.4- maior programa de inserção de pessoas gratuitamente. mais detalhes, na caixa econômica federal;

2- ministro do stf determina que ações de restrições são de competência de governadores e prefeitos.

3- assinada mp que isenta 9 milhões de famílias do pagamento de cerca de r$150, por 3 meses.

4- com muito sacrifício, o governo federal já utilizou mais de r$600 bilhões na luta contra o covid-19 e manutenção de empregos. em breve não haverá mais recursos para durar por muito tempo.

5- onze mil brasileiros repatriados, com devido acompanhamento médico e mais a caminho.

6- a cef anuncia nova linha de crédito de r$ 40 bilhões para linha de moradias. 1,2 milhão de trabalhadores com emprego garantido e seis meses de carência para o comprador começar a pagar.

7- as três etapas de pagamento de r$600/mês serão efetivadas até o final de maio.
7.1- coronavoucher: r$ 98 bilhões para 54 milhões de brasileiros.

8- ajuda financeira à prefeituras:  r$ 3 bilhões já usados e serão mais r$5 bilhões para mais de 300 municípios.

9- saque de até r$1.045,00 do fgts a partir de junho. 60 milhões de brasileiros e r$37 bilhões.

10.1- hidroxicloroquina sendo usada no mundo todo e avanços acontecem.
10.2- até sábado, centenas de quilos de insumos farmacêuticos para produção do medicamento, enviados pela índia chegarão ao brasil",['News & Politics'],,1308,0,,,https://www.youtube.com/watch?v=F9jXlF2ExQE,135331,24126,408,4.9334803,,,,,,
35,S28DvOuB6cM,jair bolsonaro,jbolsonaro,http://www.youtube.com/user/jbolsonaro,UC8hGUtfEgvvnp6IaHSAg1OQ,http://www.youtube.com/channel/UC8hGUtfEgvvnp6IaHSAg1OQ,2020-05-14,,,live de quinta-feira com o presidente bolsonaro - 14/05/2020,,['News & Politics'],,1944,0,,,https://www.youtube.com/watch?v=S28DvOuB6cM,251429,38605,1508,4.8496246,,,,,,
36,SN97dJcS4FM,jair bolsonaro,jbolsonaro,http://www.youtube.com/user/jbolsonaro,UC8hGUtfEgvvnp6IaHSAg1OQ,http://www.youtube.com/channel/UC8hGUtfEgvvnp6IaHSAg1OQ,2019-08-29,,,live de quinta-feira com o presidente bolsonaro (29/08/2019).,,['News & Politics'],,2285,0,,,https://www.youtube.com/watch?v=SN97dJcS4FM,152388,19399,1107,4.7840633,,,,,,
37,QOI-6oHhH84,jair bolsonaro,jbolsonaro,http://www.youtube.com/user/jbolsonaro,UC8hGUtfEgvvnp6IaHSAg1OQ,http://www.youtube.com/channel/UC8hGUtfEgvvnp6IaHSAg1OQ,2019-03-28,,,28/03/2019: live da semana com o presidente jair bolsonaro relativos a assuntos da semana.,,['News & Politics'],['caminhoneiros combustiveis diesel israel reforma da previdencia lei rouanet alceu valenca'],1180,0,,,https://www.youtube.com/watch?v=QOI-6oHhH84,135664,27609,209,4.9699473,,,,,,
38,30-PWqKdiWg,jair bolsonaro,jbolsonaro,http://www.youtube.com/user/jbolsonaro,UC8hGUtfEgvvnp6IaHSAg1OQ,http://www.youtube.com/channel/UC8hGUtfEgvvnp6IaHSAg1OQ,2019-06-06,,,live da semana (06/06/2019) completa - diretamente de buenos aires,,['News & Politics'],,1597,0,,,https://www.youtube.com/watch?v=30-PWqKdiWg,117974,22736,165,4.9711804,,,,,,
39,07MDmr5LoRE,jair bolsonaro,jbolsonaro,http://www.youtube.com/user/jbolsonaro,UC8hGUtfEgvvnp6IaHSAg1OQ,http://www.youtube.com/channel/UC8hGUtfEgvvnp6IaHSAg1OQ,2020-04-13,,,live entre o deputado eduardo bolsonaro e arthur weintraub (12/04/2020).,,['News & Politics'],,4553,0,,,https://www.youtube.com/watch?v=07MDmr5LoRE,18449,3305,157,4.8186021,,,,,,
40,CpzZlV_wEqo,jair bolsonaro,jbolsonaro,http://www.youtube.com/user/jbolsonaro,UC8hGUtfEgvvnp6IaHSAg1OQ,http://www.youtube.com/channel/UC8hGUtfEgvvnp6IaHSAg1OQ,2020-06-25,,,live da semana com presidente jair bolsonaro - 25/06/2020,". temas: 
- ações do governo diante do covid-19;
- ajuda direta aos brasileiros, estados e municípios; 
- extensão do auxílio emergencial do governo bolsonaro;
- ações atualizadas da pasta;
- fgts...
- acompanhe e saiba de mais detalhes!",['News & Politics'],,3399,0,,,https://www.youtube.com/watch?v=CpzZlV_wEqo,520655,67084,3754,4.7880235,,,,,,
41,f43O-RJFc80,jair bolsonaro,jbolsonaro,http://www.youtube.com/user/jbolsonaro,UC8hGUtfEgvvnp6IaHSAg1OQ,http://www.youtube.com/channel/UC8hGUtfEgvvnp6IaHSAg1OQ,2019-06-23,,,live da semana com presidente jair bolsonaro - 20/06/19 - completa,,['News & Politics'],,1432,0,,,https://www.youtube.com/watch?v=f43O-RJFc80,56483,12191,90,4.9706864,,,,,,
42,nISMugE1f0Q,jair bolsonaro,jbolsonaro,http://www.youtube.com/user/jbolsonaro,UC8hGUtfEgvvnp6IaHSAg1OQ,http://www.youtube.com/channel/UC8hGUtfEgvvnp6IaHSAg1OQ,2020-09-10,,,live de quinta-feira - 10 de setembro de 2020,,['News & Politics'],,2108,0,,,https://www.youtube.com/watch?v=nISMugE1f0Q,105576,23965,1371,4.7835493,,,,,,
43,ZSiTT1Mlxek,jair bolsonaro,jbolsonaro,http://www.youtube.com/user/jbolsonaro,UC8hGUtfEgvvnp6IaHSAg1OQ,http://www.youtube.com/channel/UC8hGUtfEgvvnp6IaHSAg1OQ,2020-10-01,,,live da semana com presidente jair bolsonaro - 01/10/2020,,['News & Politics'],,4724,0,,,https://www.youtube.com/watch?v=ZSiTT1Mlxek,195634,32359,3107,4.64958,,,,,,
44,8lAvn0SND8k,jair bolsonaro,jbolsonaro,http://www.youtube.com/user/jbolsonaro,UC8hGUtfEgvvnp6IaHSAg1OQ,http://www.youtube.com/channel/UC8hGUtfEgvvnp6IaHSAg1OQ,2020-10-13,,,"live com o ministro tarcísio sobre avanços de obras, desburocratizações e investimentos",,['News & Politics'],,570,0,,,https://www.youtube.com/watch?v=8lAvn0SND8k,36747,11030,65,4.9765658,,,,,,
45,VKSqQJwowWg,jair bolsonaro,jbolsonaro,http://www.youtube.com/user/jbolsonaro,UC8hGUtfEgvvnp6IaHSAg1OQ,http://www.youtube.com/channel/UC8hGUtfEgvvnp6IaHSAg1OQ,2019-05-24,,,live semanal - 23/05/2019,"dentre muitos assuntos discutidos, destacam-se o apoio oficial reafirmado pelos estados unidos ao ingresso do brasil na ocde, abertura do mercado das companhias aéreas, turismo, edição do decreto sobre armas de fogo e outros.",['News & Politics'],,2320,0,,,https://www.youtube.com/watch?v=VKSqQJwowWg,44171,9566,65,4.9730039,,,,,,
46,UqEQfL6il8M,jair bolsonaro,jbolsonaro,http://www.youtube.com/user/jbolsonaro,UC8hGUtfEgvvnp6IaHSAg1OQ,http://www.youtube.com/channel/UC8hGUtfEgvvnp6IaHSAg1OQ,2020-11-26,,,live de quinta-feira - pr jair bolsonaro - 26/11/2020,,['News & Politics'],,4614,0,,,https://www.youtube.com/watch?v=UqEQfL6il8M,157572,30370,694,4.9106359,,,,,,
47,7AZP6Az7_9o,jair bolsonaro,jbolsonaro,http://www.youtube.com/user/jbolsonaro,UC8hGUtfEgvvnp6IaHSAg1OQ,http://www.youtube.com/channel/UC8hGUtfEgvvnp6IaHSAg1OQ,2019-05-31,,,live da semana com presidente jair bolsonaro - 30 de maio de 2019 - completa,"confira a íntegra da live de 30/maio - principais temas abordados: investimentos no brasil, nova previdência, saúde, gratuidade de bagagens, mp da reforma administrativa, entre outros assuntos.",['News & Politics'],,1946,0,,,https://www.youtube.com/watch?v=7AZP6Az7_9o,46878,9966,141,4.9441972,,,,,,
48,4p9fOptKBPc,jair bolsonaro,jbolsonaro,http://www.youtube.com/user/jbolsonaro,UC8hGUtfEgvvnp6IaHSAg1OQ,http://www.youtube.com/channel/UC8hGUtfEgvvnp6IaHSAg1OQ,2020-07-30,,,presidente bolsonaro: live da semana - 30/07/2020,,['News & Politics'],,3431,0,,,https://www.youtube.com/watch?v=4p9fOptKBPc,192554,41514,789,4.9253955,,,,,,
49,Ea5ZK0Fr5TM,jair bolsonaro,jbolsonaro,http://www.youtube.com/user/jbolsonaro,UC8hGUtfEgvvnp6IaHSAg1OQ,http://www.youtube.com/channel/UC8hGUtfEgvvnp6IaHSAg1OQ,2020-08-06,,,live da semana - presidente jair bolsonaro - 06/08/2020,,['News & Politics'],,3065,0,,,https://www.youtube.com/watch?v=Ea5ZK0Fr5TM,196615,38104,864,4.9113116,,,,,,
50,WLd2HmL3Ua0,jair bolsonaro,jbolsonaro,http://www.youtube.com/user/jbolsonaro,UC8hGUtfEgvvnp6IaHSAg1OQ,http://www.youtube.com/channel/UC8hGUtfEgvvnp6IaHSAg1OQ,2020-06-11,,,live da semana com presidente jair bolsonaro (11/06/2020),,['News & Politics'],,3226,0,,,https://www.youtube.com/watch?v=WLd2HmL3Ua0,151243,24548,1287,4.8007355,,,,,,
51,MIWLSkgBVc4,jair bolsonaro,jbolsonaro,http://www.youtube.com/user/jbolsonaro,UC8hGUtfEgvvnp6IaHSAg1OQ,http://www.youtube.com/channel/UC8hGUtfEgvvnp6IaHSAg1OQ,2020-10-22,,,presidente jair bolsonaro - live da semana - 22/10/2020,,['News & Politics'],,3065,0,,,https://www.youtube.com/watch?v=MIWLSkgBVc4,184943,30618,568,4.9271469,,,,,,
52,j9K6SBPRodQ,jair bolsonaro,jbolsonaro,http://www.youtube.com/user/jbolsonaro,UC8hGUtfEgvvnp6IaHSAg1OQ,http://www.youtube.com/channel/UC8hGUtfEgvvnp6IaHSAg1OQ,2020-11-11,,,live de quarta-feira - presidente bolsonaro - 11/11/2020,,['News & Politics'],,2644,0,,,https://www.youtube.com/watch?v=j9K6SBPRodQ,111164,22796,520,4.9107909,,,,,,
53,4XMvWntct_w,jair bolsonaro,jbolsonaro,http://www.youtube.com/user/jbolsonaro,UC8hGUtfEgvvnp6IaHSAg1OQ,http://www.youtube.com/channel/UC8hGUtfEgvvnp6IaHSAg1OQ,2020-07-16,,,live da semana com presidente jair bolsonaro - 16/07/2020,,['News & Politics'],,4232,0,,,https://www.youtube.com/watch?v=4XMvWntct_w,262919,55253,1347,4.9048057,,,,,,
54,zW7ihlX7a24,jair bolsonaro,jbolsonaro,http://www.youtube.com/user/jbolsonaro,UC8hGUtfEgvvnp6IaHSAg1OQ,http://www.youtube.com/channel/UC8hGUtfEgvvnp6IaHSAg1OQ,2021-02-04,,,live da semana - presidente jair bolsonaro - 04/02/2021,"temas: 
. vacinas
. preço do combustível (icms, propostas e outros)
. radares nas estradas
. observação tratamento off label
. relações internacionais (uruguai, paraguai e brasil)
. “fique em casa, a economia a gente vê depois”
. entre outros",['News & Politics'],,3019,0,,,https://www.youtube.com/watch?v=zW7ihlX7a24,215443,42788,1063,4.9030352,,,,,,
55,SEFkWHg7MZ0,jair bolsonaro,jbolsonaro,http://www.youtube.com/user/jbolsonaro,UC8hGUtfEgvvnp6IaHSAg1OQ,http://www.youtube.com/channel/UC8hGUtfEgvvnp6IaHSAg1OQ,2021-01-07,,,- o restabelecimento da verdade sobre a vacina no brasil. - na live das 19h mais verdades.,,['News & Politics'],,257,0,,,https://www.youtube.com/watch?v=SEFkWHg7MZ0,50063,12258,346,4.8901935,,,,,,
56,lfISUxlODRY,jair bolsonaro,jbolsonaro,http://www.youtube.com/user/jbolsonaro,UC8hGUtfEgvvnp6IaHSAg1OQ,http://www.youtube.com/channel/UC8hGUtfEgvvnp6IaHSAg1OQ,2020-12-10,,,live de quinta-feira - 10/12/2020,"- temas da semana:

. zerados impostos no combate ao covid e outros; ministério da economia

. brasileiro preso na rússia;
. vacina; ministério das relações exteriores

. economia com reflexos positivos e derivações  na pandemia;

. ministério do turismo e as mentiras de muitos da imprensa;

. apelo aos governadores;

. brasil é destaque internacional no combate ao covid;

. regularizações fundiárias em pleno vapor e inserção do pequeno produtor na economia; ministério da agricultura, pecuária e abastecimento

. 67 milhões recebem o auxílio emergencial; ministério da cidadania

. tratamento precoce do corona vírus; ministério da saúde

. crédito para manutenção da economia;

. auxílio a todos os estados independente de sua ideologia pensando em todos os brasileiros;",['News & Politics'],,3260,0,,,https://www.youtube.com/watch?v=lfISUxlODRY,168512,35831,807,4.9118948,,,,,,
57,nkdMo9XQ-YM,jair bolsonaro,jbolsonaro,http://www.youtube.com/user/jbolsonaro,UC8hGUtfEgvvnp6IaHSAg1OQ,http://www.youtube.com/channel/UC8hGUtfEgvvnp6IaHSAg1OQ,2020-11-19,,,live da semana com presidente jair bolsonaro - 19/11/2020,". temas:

- títulos de terras há 20 anos esperados;
- extração de madeira;
- registros do enfrentamento ao desmatamento com o ministro da justiça;
- recursos de leilões de bens do tráfico revertidos para equipamento das forças de segurança;
- projetos aplicados no combate à extração de madeira ilegal ( ministério da justiça e segurança pública / polícia federal - pf);",['News & Politics'],,2488,0,,,https://www.youtube.com/watch?v=nkdMo9XQ-YM,309318,49490,731,4.9417772,,,,,,
58,sX8yKd_4x5Y,jair bolsonaro,jbolsonaro,http://www.youtube.com/user/jbolsonaro,UC8hGUtfEgvvnp6IaHSAg1OQ,http://www.youtube.com/channel/UC8hGUtfEgvvnp6IaHSAg1OQ,2019-09-12,,,live de quinta-feira com o presidente da república (12/09/2019).,,['News & Politics'],,190,0,,,https://www.youtube.com/watch?v=sX8yKd_4x5Y,142284,37080,288,4.9691715,,,,,,
59,5wTrE6F5jlc,jair bolsonaro,jbolsonaro,http://www.youtube.com/user/jbolsonaro,UC8hGUtfEgvvnp6IaHSAg1OQ,http://www.youtube.com/channel/UC8hGUtfEgvvnp6IaHSAg1OQ,2020-08-13,,,live com o presidente jair messias bolsonaro - 13/09/2020,,['News & Politics'],,3578,0,,,https://www.youtube.com/watch?v=5wTrE6F5jlc,205485,30129,498,4.9349594,,,,,,
60,oVIJD_tuRPY,jair bolsonaro,jbolsonaro,http://www.youtube.com/user/jbolsonaro,UC8hGUtfEgvvnp6IaHSAg1OQ,http://www.youtube.com/channel/UC8hGUtfEgvvnp6IaHSAg1OQ,2020-07-23,,,live da semana com presidente jair bolsonaro - 23/07/2020. temas na descrição:,"- live de toda quinta-feira (23/07/2020)

temas:

- vidas, r$600, desemprego, covid, reforma tributária, fundeb, escolas militares, escolas militarizadas, derivações da mp do futebol (liberdade dos clubes), mp 910 / regularização fundiária, amazônia, novas obras, agronegócio;

- dia do policial rodoviário federal: cerca de r$110 milhões de apreensão de cocaína em um dia, operações antidrogas resultam cerca de 3x mais efetividade que em 2019 e concurso para agentes de segurança pública federal.",['News & Politics'],,2302,0,,,https://www.youtube.com/watch?v=oVIJD_tuRPY,258044,52848,1256,4.9071417,,,,,,
61,zcpi9xs3UyE,jair bolsonaro,jbolsonaro,http://www.youtube.com/user/jbolsonaro,UC8hGUtfEgvvnp6IaHSAg1OQ,http://www.youtube.com/channel/UC8hGUtfEgvvnp6IaHSAg1OQ,2019-04-04,,,live da semana com o presidente bolsonaro e os  ministros moro e heleno sobre temas da semana.,"- live da semana com o presidente bolsonaro, o ministro da justiça e segurança pública, sérgio moro, e o ministro-chefe do gabinete de segurança institucional, onde falamos sobre alguns assuntos da semana.",['News & Politics'],,1647,0,,,https://www.youtube.com/watch?v=zcpi9xs3UyE,131692,29863,315,4.9582477,,,,,,
62,Un8SXCrtzj8,jair bolsonaro,jbolsonaro,http://www.youtube.com/user/jbolsonaro,UC8hGUtfEgvvnp6IaHSAg1OQ,http://www.youtube.com/channel/UC8hGUtfEgvvnp6IaHSAg1OQ,2020-11-12,,,live de toda quinta-feira - pr jair bolsonaro - 12/11/2020,,['News & Politics'],,5764,0,,,https://www.youtube.com/watch?v=Un8SXCrtzj8,206024,36055,1405,4.8499732,,,,,,
63,XdFYEmjb4m4,jair bolsonaro,jbolsonaro,http://www.youtube.com/user/jbolsonaro,UC8hGUtfEgvvnp6IaHSAg1OQ,http://www.youtube.com/channel/UC8hGUtfEgvvnp6IaHSAg1OQ,2020-12-24,,,live da semana com presidente jair bolsonaro - 24/12/2020,,['News & Politics'],,4037,0,,,https://www.youtube.com/watch?v=XdFYEmjb4m4,229324,37756,1435,4.853538,,,,,,
64,-tTgxztuqTs,jair bolsonaro,jbolsonaro,http://www.youtube.com/user/jbolsonaro,UC8hGUtfEgvvnp6IaHSAg1OQ,http://www.youtube.com/channel/UC8hGUtfEgvvnp6IaHSAg1OQ,2021-01-14,,,live da semana com presidente jair bolsonaro (14/01/2020),,['News & Politics'],,4224,0,,,https://www.youtube.com/watch?v=-tTgxztuqTs,268939,43254,3245,4.7208543,,,,,,
65,8oPisf3kbGI,jair bolsonaro,jbolsonaro,http://www.youtube.com/user/jbolsonaro,UC8hGUtfEgvvnp6IaHSAg1OQ,http://www.youtube.com/channel/UC8hGUtfEgvvnp6IaHSAg1OQ,2021-02-18,,,live da semana - presidente jair bolsonaro - 18/02/2021(temas na descrição)⬇️,"temas da live:

. combustíveis e ações no sentido, como mostradas constantemente em postagens anteriores e atualizações;

. vacinas;

. nova determinação: tributação federal zero no gás de cozinha;
. por 2 meses não haverá qualquer imposto federal no diesel, razões e derivações;

. pronampe caminhoneiro ( diminuição de custos ao caminhoneiro);
. redução constante e carga tributária zerada (mais de 500 itens alcançados);

. fique em casa indiscriminado, a economia a gente vê depois e os resultados no bolso do brasileiro;

. a verdade sobre armas de fogo;

. atualização de ações do ministério da infraestrutura (ministro capitão tarcísio);

. atitudes do inmetro (certificação digital das bombas de combustível pra evitar fraudes e fiscalização dos consumidores);

. presidência 2022;

. transporte ferroviário;

 .pavimentações de rodovias diminuem o valor do frete (mais explanações sobre:);

. greenpeace é contra a redução de impostos de combustível fóssil;
. roubos na petrobras geraram reflexos e ações do governo do brasil sobre o assunto;

. leilões de portos e aeroportos;

. importância de reformas e medidas estruturantes;

. e mais assuntos.",['News & Politics'],,3415,0,,,https://www.youtube.com/watch?v=8oPisf3kbGI,215325,39736,1033,4.8986483,,,,,,
66,3jdapBHs7Oo,jair bolsonaro,jbolsonaro,http://www.youtube.com/user/jbolsonaro,UC8hGUtfEgvvnp6IaHSAg1OQ,http://www.youtube.com/channel/UC8hGUtfEgvvnp6IaHSAg1OQ,2019-09-19,,,"primeira live de quinta-feira em brasília, após mais uma cirurgia em decorrência de uma facada.","primeira live de quinta-feira em brasília, após mais uma cirurgia em decorrência da facada cometida por um ativista de esquerda, que quase nos matou em 6 de setembro de 2018. (mais fatos da semana):",['News & Politics'],,1573,0,,,https://www.youtube.com/watch?v=3jdapBHs7Oo,83167,19933,137,4.9726954,,,,,,
67,XDcCPg1ezWg,jair bolsonaro,jbolsonaro,http://www.youtube.com/user/jbolsonaro,UC8hGUtfEgvvnp6IaHSAg1OQ,http://www.youtube.com/channel/UC8hGUtfEgvvnp6IaHSAg1OQ,2020-01-16,,,"live da semana - com presidente bolsonaro, min. abraham weintraub e sec. roberto alvim - 16/01/2020",,['News & Politics'],,2413,0,,,https://www.youtube.com/watch?v=XDcCPg1ezWg,86228,15232,415,4.8939095,,,,,,
68,ZLIUvoZDSFc,jair bolsonaro,jbolsonaro,http://www.youtube.com/user/jbolsonaro,UC8hGUtfEgvvnp6IaHSAg1OQ,http://www.youtube.com/channel/UC8hGUtfEgvvnp6IaHSAg1OQ,2020-03-12,,,live de quinta-feira com o presidente. ajustada devido a cortes na transmissão. temas na descrição:,". temas: 
- coronavirus com o ministro da saúde; 
- acordo militar com os eua; 
- quando solicitada, seguindo a lei, cidades estão tendo ajudas do governo federal em caso de calamidades com chuvas: cidades de sp, mg, es e outras;
- sexta queda consecutiva dos preços do petróleo, sendo mais de 20% baixados nas refinarias;
- liberdade de pensamentos e manifestações; 
- orçamento engessado, contudo vamos cuidando do brasil;
- trabalho constante dos ministérios;
-  indicação de ministro do stf e a confiança no presidente.",['News & Politics'],,1101,0,,,https://www.youtube.com/watch?v=ZLIUvoZDSFc,181219,23686,561,4.9074526,,,,,,
69,cfeLfp0i7Fs,jair bolsonaro,jbolsonaro,http://www.youtube.com/user/jbolsonaro,UC8hGUtfEgvvnp6IaHSAg1OQ,http://www.youtube.com/channel/UC8hGUtfEgvvnp6IaHSAg1OQ,2019-10-03,,,live de toda quinta-feira com o presidente bolsonaro (03/10/2019).,,['News & Politics'],,2864,0,,,https://www.youtube.com/watch?v=cfeLfp0i7Fs,96086,18827,398,4.917191,,,,,,
70,SFLD7xpDmuY,jair bolsonaro,jbolsonaro,http://www.youtube.com/user/jbolsonaro,UC8hGUtfEgvvnp6IaHSAg1OQ,http://www.youtube.com/channel/UC8hGUtfEgvvnp6IaHSAg1OQ,2020-07-09,,,live da semana com presidente jair bolsonaro - 09/07/2020,,['News & Politics'],,1579,0,,,https://www.youtube.com/watch?v=SFLD7xpDmuY,361760,67091,1415,4.9173794,,,,,,
71,VuMbYrq_ys4,jair bolsonaro,jbolsonaro,http://www.youtube.com/user/jbolsonaro,UC8hGUtfEgvvnp6IaHSAg1OQ,http://www.youtube.com/channel/UC8hGUtfEgvvnp6IaHSAg1OQ,2020-04-23,,,live de quinta-feira com o presidente jair bolsonaro (23/04/2020). temas: auxílio caixa e outros.,,['News & Politics'],,994,0,,,https://www.youtube.com/watch?v=VuMbYrq_ys4,241382,25623,863,4.8696671,,,,,,
72,i7CJb5y4SWg,jair bolsonaro,jbolsonaro,http://www.youtube.com/user/jbolsonaro,UC8hGUtfEgvvnp6IaHSAg1OQ,http://www.youtube.com/channel/UC8hGUtfEgvvnp6IaHSAg1OQ,2021-02-11,,,"-  mais sobre nossa viagem ao maranhão.  - logo mais, às 19h, nossa live de todas as quintas-feiras.",,['News & Politics'],,408,0,,,https://www.youtube.com/watch?v=i7CJb5y4SWg,20953,6928,31,4.9821815,,,,,,
73,AhySjAMku18,jair bolsonaro,jbolsonaro,http://www.youtube.com/user/jbolsonaro,UC8hGUtfEgvvnp6IaHSAg1OQ,http://www.youtube.com/channel/UC8hGUtfEgvvnp6IaHSAg1OQ,2020-07-02,,,live da semana com presidente jair bolsonaro - 02/07/2020. temas na descrição:,"- ajuda a santa catarina devido a ciclone;
- auxílio à pequenas empresas;
- mais detalhes sobre o auxílio-emergencial;
- mais de 20.000 obras pelo brasil desde 2019 (ministério do desenvolvimento reginional);
- 500.000 unidades habitacionais entregues e mais 50.000 até o final do ano;
- pl das fakenews;
- mp do futebol
- recursos da união enviados a estados e municípios;
- ferrovias e muito mais detalhes.",['News & Politics'],,3634,0,,,https://www.youtube.com/watch?v=AhySjAMku18,371843,68291,2623,4.852046,,,,,,
74,sA1AJ1NuDP4,jair bolsonaro,jbolsonaro,http://www.youtube.com/user/jbolsonaro,UC8hGUtfEgvvnp6IaHSAg1OQ,http://www.youtube.com/channel/UC8hGUtfEgvvnp6IaHSAg1OQ,2021-02-25,,,live de quinta-feira - 25/02/2021. temas na descrição ⬇️:,"- auxílio emergencial;
- mais ações da caixa para auxílio à população;
- mei - microempreendedor caminhoneiro.
- autonomia do banco central;
- projeto de lei que acaba com o monopólio dos correios nos serviços postais do país e viabiliza a sua privatização.
- mp da da eletrobrás: enxugando gastos e menos estado.
- e mais:",['News & Politics'],,1762,0,,,https://www.youtube.com/watch?v=sA1AJ1NuDP4,65049,11488,486,4.8376484,,,,,,
75,qFlPyf4Vmio,jair bolsonaro,jbolsonaro,http://www.youtube.com/user/jbolsonaro,UC8hGUtfEgvvnp6IaHSAg1OQ,http://www.youtube.com/channel/UC8hGUtfEgvvnp6IaHSAg1OQ,2020-02-13,,,"- live de quinta-feira, sobre os fatos da semana, com o presidente bolsonaro (12+1 /02/2020)",,['News & Politics'],,1324,0,,,https://www.youtube.com/watch?v=qFlPyf4Vmio,46141,9249,121,4.9483457,,,,,,
76,k6Z0JYrx95Q,jair bolsonaro,jbolsonaro,http://www.youtube.com/user/jbolsonaro,UC8hGUtfEgvvnp6IaHSAg1OQ,http://www.youtube.com/channel/UC8hGUtfEgvvnp6IaHSAg1OQ,2019-05-09,,,live das quintas-feiras com o presidente bolsonaro com muitas novidades (09/05/2019).,,['News & Politics'],,2378,0,,,https://www.youtube.com/watch?v=k6Z0JYrx95Q,216672,33042,536,4.9361486,,,,,,
77,ZZj93uz78NE,jair bolsonaro,jbolsonaro,http://www.youtube.com/user/jbolsonaro,UC8hGUtfEgvvnp6IaHSAg1OQ,http://www.youtube.com/channel/UC8hGUtfEgvvnp6IaHSAg1OQ,2021-01-07,,,primeira live de 2021 (07/01) - presidente jair bolsonaro,,['News & Politics'],,4205,0,,,https://www.youtube.com/watch?v=ZZj93uz78NE,264631,45209,2309,4.8056316,,,,,,
78,vVPyNgrPWr8,jair bolsonaro,jbolsonaro,http://www.youtube.com/user/jbolsonaro,UC8hGUtfEgvvnp6IaHSAg1OQ,http://www.youtube.com/channel/UC8hGUtfEgvvnp6IaHSAg1OQ,2020-11-09,,,live de segunda feira - pr jair bolsonaro - 09/11/2020,,['News & Politics'],,2598,0,,,https://www.youtube.com/watch?v=vVPyNgrPWr8,201213,31908,801,4.9020452,,,,,,
79,Bu8xZYWWo7o,jair bolsonaro,jbolsonaro,http://www.youtube.com/user/jbolsonaro,UC8hGUtfEgvvnp6IaHSAg1OQ,http://www.youtube.com/channel/UC8hGUtfEgvvnp6IaHSAg1OQ,2021-01-21,,,live da semana - presidente jair bolsonaro - 21/01/2021,,['News & Politics'],,3598,0,,,https://www.youtube.com/watch?v=Bu8xZYWWo7o,304384,49009,2233,4.8256898,,,,,,
80,23n7j9ERAd4,jair bolsonaro,jbolsonaro,http://www.youtube.com/user/jbolsonaro,UC8hGUtfEgvvnp6IaHSAg1OQ,http://www.youtube.com/channel/UC8hGUtfEgvvnp6IaHSAg1OQ,2020-01-10,,,live da semana com presidente jair bolsonaro - 09/01/2020,,['News & Politics'],,2491,0,,,https://www.youtube.com/watch?v=23n7j9ERAd4,281067,7465,299,4.8459558,,,,,,
81,xtyO5wr1b00,jair bolsonaro,jbolsonaro,http://www.youtube.com/user/jbolsonaro,UC8hGUtfEgvvnp6IaHSAg1OQ,http://www.youtube.com/channel/UC8hGUtfEgvvnp6IaHSAg1OQ,2019-04-11,,,live de quinta-feira com o presidente-11/04/2019: mais informações e realizações do nosso governo.,,['News & Politics'],,2107,0,,,https://www.youtube.com/watch?v=xtyO5wr1b00,66932,15816,107,4.9731207,,,,,,
82,rSO0DszwUbA,jair bolsonaro,jbolsonaro,http://www.youtube.com/user/jbolsonaro,UC8hGUtfEgvvnp6IaHSAg1OQ,http://www.youtube.com/channel/UC8hGUtfEgvvnp6IaHSAg1OQ,2020-06-04,,,live semanal com presidente jair bolsonaro - 04/06/2020,,['News & Politics'],,2849,0,,,https://www.youtube.com/watch?v=rSO0DszwUbA,255671,32125,1236,4.8518028,,,,,,
83,hH0JhakIwf0,jair bolsonaro,jbolsonaro,http://www.youtube.com/user/jbolsonaro,UC8hGUtfEgvvnp6IaHSAg1OQ,http://www.youtube.com/channel/UC8hGUtfEgvvnp6IaHSAg1OQ,2020-03-20,,,live de quinta-feira com o presidente bolsonaro. (19/03/2020). temas na descrição:,"- redução do preço do gás e combustíveis nas refinarias;
- atualização sobre o coronavirus;
- diminuição da taxa de juros para aposentados;
- voucher para trabalhador informal;
- fronteiras.",['News & Politics'],,782,0,,,https://www.youtube.com/watch?v=hH0JhakIwf0,26880,6250,93,4.9413528,,,,,,
84,8Cn1PGmlJuk,jair bolsonaro,jbolsonaro,http://www.youtube.com/user/jbolsonaro,UC8hGUtfEgvvnp6IaHSAg1OQ,http://www.youtube.com/channel/UC8hGUtfEgvvnp6IaHSAg1OQ,2019-11-29,,,live semanal de 28/11/2019 com presidente jair bolsonaro - completa,"assista à íntegra da live da semana realizada na última quinta, 28, com a presença do presidente da embratur, gilson machado.",['News & Politics'],,2184,0,,,https://www.youtube.com/watch?v=8Cn1PGmlJuk,144117,7320,187,4.9003596,,,,,,
85,YRkhkGbsYHw,jair bolsonaro,jbolsonaro,http://www.youtube.com/user/jbolsonaro,UC8hGUtfEgvvnp6IaHSAg1OQ,http://www.youtube.com/channel/UC8hGUtfEgvvnp6IaHSAg1OQ,2019-12-27,,,live da semana com presidente jair bolsonaro - (26/12/2019),,['News & Politics'],,3057,0,,,https://www.youtube.com/watch?v=YRkhkGbsYHw,119750,7853,327,4.8400979,,,,,,
86,SNLP3GJD-mc,jair bolsonaro,jbolsonaro,http://www.youtube.com/user/jbolsonaro,UC8hGUtfEgvvnp6IaHSAg1OQ,http://www.youtube.com/channel/UC8hGUtfEgvvnp6IaHSAg1OQ,2021-01-28,,,presidente jair bolsonaro - live da semana (28/01/2021),,['News & Politics'],,3040,0,,,https://www.youtube.com/watch?v=SNLP3GJD-mc,321997,58730,1774,4.8827186,,,,,,
87,t8rXKDUeUSk,jair bolsonaro,jbolsonaro,http://www.youtube.com/user/jbolsonaro,UC8hGUtfEgvvnp6IaHSAg1OQ,http://www.youtube.com/channel/UC8hGUtfEgvvnp6IaHSAg1OQ,2019-09-05,,,live de quinta-feira com o presidente: vetos (lei de abuso de autoridade) / pgr,,['News & Politics'],,3132,0,,,https://www.youtube.com/watch?v=t8rXKDUeUSk,63326,8747,649,4.7237124,,,,,,
88,eJD7C8e1oN0,jair bolsonaro,jbolsonaro,http://www.youtube.com/user/jbolsonaro,UC8hGUtfEgvvnp6IaHSAg1OQ,http://www.youtube.com/channel/UC8hGUtfEgvvnp6IaHSAg1OQ,2020-02-20,,,- live de quinta-feira com o presidente bolsonaro. 20/02/2020,". assuntos: desburocratizações, redução de impostos, desenvolvimento do turismo e pesca, bolsa-família, criação inédita do crédito fixo imobiliário (caixa), combustíveis, mps da carteirinha e dos balancetes exiradasve novas ações para o futuro dos temas e  excludente de ilicitude em caso de glo",['News & Politics'],,2759,0,,,https://www.youtube.com/watch?v=eJD7C8e1oN0,164881,16342,250,4.9397302,,,,,,
89,dN7247s2wg0,jair bolsonaro,jbolsonaro,http://www.youtube.com/user/jbolsonaro,UC8hGUtfEgvvnp6IaHSAg1OQ,http://www.youtube.com/channel/UC8hGUtfEgvvnp6IaHSAg1OQ,2020-01-24,,,"""live"" da semana com presidente jair bolsonaro e ministro tarcísio (infraestrutura) - 23/01/2020","placas mercosul, pedágios, conselho da amazônia e aliança pelo brasil foram alguns dos principais assuntos da transmissão.",['News & Politics'],,1177,0,,,https://www.youtube.com/watch?v=dN7247s2wg0,135724,18057,253,4.9447298,,,,,,
90,7A77t4iM-vQ,jair bolsonaro,jbolsonaro,http://www.youtube.com/user/jbolsonaro,UC8hGUtfEgvvnp6IaHSAg1OQ,http://www.youtube.com/channel/UC8hGUtfEgvvnp6IaHSAg1OQ,2019-07-29,,,live da semana - 25 de julho de 2019 - completa,"íntegra da live no facebook exibida na última quinta-feira, 25, com participação do ministro da secretaria geral da presidência, jorge oliveira.",['News & Politics'],,2006,0,,,https://www.youtube.com/watch?v=7A77t4iM-vQ,28549,6163,89,4.943058,,,,,,
91,cOWlW_3zcw4,jair bolsonaro,jbolsonaro,http://www.youtube.com/user/jbolsonaro,UC8hGUtfEgvvnp6IaHSAg1OQ,http://www.youtube.com/channel/UC8hGUtfEgvvnp6IaHSAg1OQ,2019-03-07,,,presidente bolsonaro volta a fazer lives e promete tentar fazer uma por semana.,,['News & Politics'],['presidente jair bolsonaro 07 de março de 2019 previdencia fakenews imprensa suja'],1231,0,,,https://www.youtube.com/watch?v=cOWlW_3zcw4,146209,27570,484,4.9309902,,,,,,
92,Hosh56rj49Q,jair bolsonaro,jbolsonaro,http://www.youtube.com/user/jbolsonaro,UC8hGUtfEgvvnp6IaHSAg1OQ,http://www.youtube.com/channel/UC8hGUtfEgvvnp6IaHSAg1OQ,2020-12-31,,,última live do ano! - 31/12/2020,,['News & Politics'],,3866,0,,,https://www.youtube.com/watch?v=Hosh56rj49Q,171516,36923,1117,4.8825445,,,,,,
93,K8z5SUbkZT8,jair bolsonaro,jbolsonaro,http://www.youtube.com/user/jbolsonaro,UC8hGUtfEgvvnp6IaHSAg1OQ,http://www.youtube.com/channel/UC8hGUtfEgvvnp6IaHSAg1OQ,2020-03-05,,,live de quinta-feira com o presidente da república (05/03/2020). temas na descrição:,"temas: politicamente correto, viagem aos eua, investidores nacionais e internacionais da tilápia e tambaqui brasileiros, conversa com empresários na fiesp, turismo náutico e possibilidades para expansão de empregos, serviços e infraestrutura, alguns deputados insistem em revogação de decretos que favorecem a população, passagem pelo rio grande do norte para entregas e anúncios do governo federal, ida à boa vista (rr): operação acolhida e projetos de infraestrutura, além de necessidade de aprovação do congresso para retaguarda jurídica às forças armadas em caso de glo.",['News & Politics'],,1627,0,,,https://www.youtube.com/watch?v=K8z5SUbkZT8,91654,20018,173,4.9657273,,,,,,
94,JsIdVBSushc,jair bolsonaro,jbolsonaro,http://www.youtube.com/user/jbolsonaro,UC8hGUtfEgvvnp6IaHSAg1OQ,http://www.youtube.com/channel/UC8hGUtfEgvvnp6IaHSAg1OQ,2020-09-17,,,live da semana com presidente jair bolsonaro - 17/09/2020,live de toda quinta feira com assuntos da semana.,['News & Politics'],,2403,0,,,https://www.youtube.com/watch?v=JsIdVBSushc,355785,38467,1261,4.8730369,,,,,,
95,2tB4XLKXSeI,jair bolsonaro,jbolsonaro,http://www.youtube.com/user/jbolsonaro,UC8hGUtfEgvvnp6IaHSAg1OQ,http://www.youtube.com/channel/UC8hGUtfEgvvnp6IaHSAg1OQ,2020-09-03,,,live de quinta-feira com os resultados do ministério da justiça e segurança pública e mais.,,['News & Politics'],,3296,0,,,https://www.youtube.com/watch?v=2tB4XLKXSeI,96673,20536,313,4.939949,,,,,,
96,HkctbYCskw8,jair bolsonaro,jbolsonaro,http://www.youtube.com/user/jbolsonaro,UC8hGUtfEgvvnp6IaHSAg1OQ,http://www.youtube.com/channel/UC8hGUtfEgvvnp6IaHSAg1OQ,2019-05-02,,,live de quinta-feira (02/05/2019) com o presidente bolsonaro abordando alguns assuntos da semana.,,['News & Politics'],,726,0,,,https://www.youtube.com/watch?v=HkctbYCskw8,119135,19784,922,4.8218875,,,,,,
